{"name":"n0b0dy.idle.LR","sprites_paths":["beings/boss/n0b0dy.n0b0dy_1","beings/boss/n0b0dy.n0b0dy_2","beings/boss/n0b0dy.n0b0dy_3","beings/boss/n0b0dy.n0b0dy_4","beings/boss/n0b0dy.n0b0dy_5","beings/boss/n0b0dy.n0b0dy_6","beings/boss/n0b0dy.n0b0dy_7","beings/boss/n0b0dy.n0b0dy_8","beings/boss/n0b0dy.n0b0dy_9","beings/boss/n0b0dy.n0b0dy_10","beings/boss/n0b0dy.n0b0dy_11","beings/boss/n0b0dy.n0b0dy_12","beings/boss/n0b0dy.n0b0dy_11","beings/boss/n0b0dy.n0b0dy_10","beings/boss/n0b0dy.n0b0dy_9","beings/boss/n0b0dy.n0b0dy_8","beings/boss/n0b0dy.n0b0dy_7","beings/boss/n0b0dy.n0b0dy_6","beings/boss/n0b0dy.n0b0dy_5","beings/boss/n0b0dy.n0b0dy_4","beings/boss/n0b0dy.n0b0dy_3","beings/boss/n0b0dy.n0b0dy_2","beings/boss/n0b0dy.n0b0dy_1","beings/boss/n0b0dy.n0b0dy_3","beings/boss/n0b0dy.n0b0dy_2","beings/boss/n0b0dy.n0b0dy_1"],"frame_times":[0.05,0.116666675,0.08333333,0.15,0.15,0.133333325,0.133333325,0.100000024,0.133333266,0.100000024,0.149999976,0.1500001,0.183333278,0.133333325,0.149999976,0.166666627,0.166666746,0.2166667,0.1833334,0.21666646,0.166666746,0.1833334,0.233333349,0.3499999,0.1833334,0.233333349],"loop":true,"speed":1.0,"priority":0}