{"name":"n0b0dy.walk.LR","sprites_paths":["beings/boss/n0b0dy.n0b0dy_13","beings/boss/n0b0dy.n0b0dy_14","beings/boss/n0b0dy.n0b0dy_15","beings/boss/n0b0dy.n0b0dy_16","beings/boss/n0b0dy.n0b0dy_17","beings/boss/n0b0dy.n0b0dy_18","beings/boss/n0b0dy.n0b0dy_13"],"frame_times":[0.0,0.0833333358,0.0833333358,0.08333333,0.08333334,0.08333331,0.08333334],"loop":true,"speed":1.0,"priority":0}