{"name":"n0b0dy.hurted.LR","sprites_paths":["beings/boss/n0b0dy.n0b0dy_24","beings/boss/n0b0dy.n0b0dy_25","beings/boss/n0b0dy.n0b0dy_26","beings/boss/n0b0dy.n0b0dy_27","beings/boss/n0b0dy.n0b0dy_28","beings/boss/n0b0dy.n0b0dy_29"],"frame_times":[0.0,0.0833333358,0.0833333358,0.08333333,0.08333334,0.08333331],"loop":true,"speed":1.0,"priority":0}