{"name":"perso.dash.LR","sprites_paths":["perso1.perso1_39","perso1.perso1_40","perso1.perso1_41","perso1.perso1_42","perso1.perso1_43","perso1.perso1_44"],"frame_times":[0.0,0.25,0.0500000119,0.0499999821,0.08333334,0.06666666],"loop":true,"speed":1.0,"priority":0}