{"name":"perso.run.U","sprites_paths":["perso1.perso1_11","perso1.perso1_12","perso1.perso1_13","perso1.perso1_14","perso1.perso1_15","perso1.perso1_16","perso1.perso1_17"],"frame_times":[0.0,0.0833333358,0.0833333358,0.08333333,0.08333334,0.08333331,0.08333334],"loop":true,"speed":1.0,"priority":0}