{"name":"perso.run.LR","sprites_paths":["perso1.perso1_20","perso1.perso1_21","perso1.perso1_22","perso1.perso1_23","perso1.perso1_24","perso1.perso1_25","perso1.perso1_26"],"frame_times":[0.0,0.0833333358,0.0833333358,0.08333333,0.08333334,0.08333331,0.08333334],"loop":true,"speed":1.0,"priority":0}