{"name":"perso.run.D","sprites_paths":["perso1.perso1_2","perso1.perso1_3","perso1.perso1_4","perso1.perso1_5","perso1.perso1_6","perso1.perso1_7","perso1.perso1_8"],"frame_times":[0.0,0.0833333358,0.0833333358,0.08333333,0.08333334,0.08333331,0.08333334],"loop":true,"speed":1.0,"priority":0}